{"cameraMode":{"drawMode":0,"name":"Shaded","section":"Shading Mode"},"sceneLighting":false,"audioPlay":false,"sceneViewState":{"showFog":true,"showMaterialUpdate":false,"showSkybox":true,"showFlares":true,"showImageEffects":true,"showParticleSystems":true},"in2DMode":false,"pivot":{"x":6.767590522766113,"y":-0.7348555326461792,"z":7.4681243896484379},"rotation":{"x":-0.014999151229858399,"y":0.00599928991869092,"z":-0.00008999617421068251,"w":-0.9998695254325867},"size":61.06305694580078,"orthographic":false}